Hebrew,English,"2016,I","2016,II","2016,III","2016,IV","2016,V","2016,VI","2016,VII","2016,VIII","2016,IX","2016,X","2016,XI","2016,XII","2017,I","2017,II","2017,III","2017,IV","2017,V","2017,VI","2017,VII","2017,VIII","2017,IX","2017,X","2017,XI","2017,XII","2018,I","2018,II","2018,III","2018,IV","2018,V","2018,VI","2018,VII","2018,VIII","2018,IX","2018,X","2018,XI","2018,XII","2019,I","2019,II","2019,III","2019,IV","2019,V","2019,VI","2019,VII","2019,VIII","2019,IX","2019,X","2019,XI","2019,XII","2020,I","2020,II","2020,III","2020,IV","2020,V","2020,VI","2020,VII","2020,VIII","2020,IX","2020,X","2020,XI","2020,XII","2021,I","2021,II","2021,III","2021,IV","2021,V","2021,VI","2021,VII","2021,VIII","2021,IX","2021,X","2021,XI","2021,XII","2022,I","2022,II","2022,III","2022,IV","2022,V","2022,VI","2022,VII","2022,VIII","2022,IX","2022,X","2022,XI","2022,XII","2023,I","2023,II","2023,III","2023,IV","2023,V","2023,VI","2023,VII","2023,VIII","2023,IX","2023,X"
עבירות על חוקי חירום,Violation of emergency laws,129.0,128.0,121.0,115.0,114.0,124.0,134.0,111.0,87.0,59.0,91.0,78.0,126.0,104.0,127.0,97.0,107.0,33.0,176.0,103.0,80.0,95.0,84.0,123.0,97.0,77.0,106.0,112.0,146.0,73.0,96.0,116.0,60.0,78.0,84.0,146.0,81.0,75.0,85.0,75.0,79.0,40.0,79.0,58.0,85.0,63.0,45.0,68.0,57.0,47.0,46.0,25.0,38.0,59.0,65.0,77.0,56.0,49.0,69.0,92.0,56.0,47.0,73.0,51.0,156.0,86.0,80.0,46.0,36.0,32.0,75.0,66.0,53.0,58.0,117.0,69.0,80.0,72.0,58.0,136.0,82.0,61.0,52.0,97.0,88.0,43.0,26.0,7.0,8.0,4.0,16.0,19.0,6.0,40.0
הסתננות(3),Infiltration(3),6.0,2.0,5.0,4.0,2.0,2.0,1.0,4.0,1.0,3.0,6.0,1.0,6.0,6.0,4.0,3.0,4.0,-3.0,5.0,1.0,2.0,2.0,2.0,4.0,4.0,4.0,4.0,8.0,5.0,1.0,6.0,2.0,5.0,2.0,6.0,4.0,11.0,10.0,17.0,12.0,6.0,5.0,8.0,7.0,5.0,5.0,5.0,4.0,6.0,2.0,2.0,1.0,4.0,2.0,1.0,0.0,7.0,2.0,2.0,0.0,2.0,2.0,3.0,2.0,6.0,2.0,3.0,2.0,4.0,2.0,2.0,3.0,4.0,1.0,5.0,1.0,5.0,1.0,1.0,0.0,2.0,4.0,-1.0,3.0,1.0,3.0,7.0,0.0,3.0,1.0,1.0,4.0,6.0,119.0
ידויי אבנים,Stone-throwing,421.0,396.0,398.0,317.0,297.0,347.0,322.0,351.0,293.0,345.0,352.0,286.0,485.0,560.0,421.0,382.0,521.0,241.0,565.0,409.0,332.0,411.0,379.0,641.0,503.0,452.0,391.0,397.0,448.0,299.0,326.0,271.0,276.0,358.0,313.0,369.0,334.0,279.0,306.0,262.0,265.0,209.0,280.0,220.0,230.0,247.0,314.0,301.0,289.0,294.0,247.0,133.0,188.0,248.0,192.0,211.0,169.0,255.0,241.0,269.0,315.0,295.0,277.0,306.0,1484.0,442.0,337.0,340.0,271.0,329.0,322.0,342.0,388.0,337.0,374.0,420.0,468.0,371.0,251.0,375.0,310.0,551.0,512.0,373.0,376.0,371.0,358.0,300.0,382.0,344.0,378.0,317.0,302.0,359.0
השלכת בקבוק תבערה,Petrol bomb-throwing,62.0,66.0,57.0,41.0,41.0,46.0,40.0,35.0,36.0,26.0,32.0,45.0,69.0,53.0,59.0,45.0,45.0,46.0,12.0,27.0,31.0,37.0,55.0,74.0,86.0,64.0,47.0,42.0,71.0,37.0,47.0,28.0,30.0,27.0,39.0,31.0,41.0,31.0,49.0,35.0,27.0,36.0,29.0,20.0,33.0,37.0,21.0,34.0,30.0,30.0,9.0,12.0,30.0,36.0,44.0,18.0,29.0,35.0,30.0,13.0,23.0,27.0,17.0,27.0,48.0,45.0,25.0,36.0,30.0,38.0,29.0,26.0,34.0,39.0,43.0,30.0,28.0,30.0,26.0,41.0,26.0,33.0,28.0,32.0,24.0,28.0,11.0,26.0,29.0,22.0,24.0,12.0,23.0,38.0
הסתה,Incitement,37.0,43.0,31.0,24.0,25.0,30.0,39.0,45.0,22.0,33.0,24.0,40.0,49.0,20.0,11.0,9.0,25.0,-19.0,37.0,12.0,2.0,10.0,6.0,14.0,8.0,9.0,4.0,5.0,1.0,3.0,4.0,4.0,2.0,5.0,-1.0,4.0,7.0,1.0,11.0,3.0,2.0,4.0,9.0,3.0,3.0,2.0,5.0,4.0,4.0,3.0,7.0,2.0,1.0,7.0,6.0,5.0,10.0,5.0,1.0,4.0,2.0,0.0,3.0,4.0,27.0,0.0,3.0,3.0,9.0,1.0,2.0,7.0,5.0,4.0,11.0,16.0,12.0,11.0,2.0,2.0,6.0,5.0,3.0,7.0,18.0,12.0,33.0,12.0,-1.0,0.0,7.0,5.0,7.0,119.0
עבירות אחרות,Other offences,724.0,817.0,953.0,603.0,746.0,751.0,798.0,746.0,588.0,622.0,597.0,589.0,846.0,785.0,815.0,696.0,801.0,610.0,1006.0,827.0,634.0,721.0,718.0,712.0,795.0,745.0,757.0,729.0,770.0,666.0,715.0,629.0,500.0,631.0,609.0,548.0,812.0,660.0,697.0,680.0,735.0,625.0,739.0,678.0,663.0,664.0,591.0,592.0,731.0,771.0,594.0,444.0,699.0,701.0,643.0,666.0,515.0,721.0,608.0,676.0,803.0,741.0,790.0,738.0,1394.0,868.0,855.0,782.0,646.0,726.0,728.0,652.0,807.0,898.0,916.0,1049.0,965.0,753.0,692.0,767.0,702.0,756.0,764.0,758.0,1016.0,932.0,1056.0,866.0,862.0,820.0,884.0,877.0,779.0,1553.0
קטטות והפרעות,Brawls and disturbing the peace,198.0,199.0,276.0,232.0,275.0,296.0,332.0,278.0,259.0,226.0,267.0,257.0,194.0,223.0,266.0,229.0,248.0,319.0,204.0,228.0,255.0,304.0,241.0,239.0,217.0,230.0,283.0,238.0,263.0,234.0,245.0,239.0,253.0,262.0,275.0,202.0,191.0,227.0,237.0,215.0,249.0,254.0,277.0,245.0,264.0,236.0,252.0,229.0,209.0,257.0,244.0,190.0,278.0,297.0,265.0,256.0,211.0,215.0,246.0,187.0,198.0,184.0,219.0,250.0,403.0,219.0,254.0,201.0,201.0,246.0,235.0,213.0,195.0,183.0,188.0,228.0,249.0,240.0,185.0,183.0,215.0,218.0,261.0,262.0,188.0,150.0,225.0,196.0,204.0,217.0,227.0,193.0,211.0,203.0
הסגות גבול,Trespass,715.0,681.0,745.0,633.0,725.0,770.0,751.0,897.0,755.0,690.0,827.0,679.0,793.0,753.0,885.0,789.0,838.0,888.0,762.0,816.0,689.0,818.0,661.0,660.0,761.0,684.0,708.0,707.0,721.0,704.0,757.0,707.0,596.0,790.0,663.0,749.0,696.0,573.0,661.0,597.0,701.0,703.0,742.0,648.0,612.0,679.0,656.0,609.0,629.0,687.0,549.0,586.0,805.0,830.0,849.0,712.0,607.0,757.0,675.0,737.0,735.0,683.0,716.0,712.0,724.0,765.0,666.0,747.0,588.0,701.0,707.0,740.0,719.0,711.0,765.0,625.0,819.0,763.0,746.0,755.0,707.0,711.0,797.0,706.0,971.0,967.0,900.0,685.0,886.0,848.0,782.0,772.0,659.0,528.0
איומים,Threats,3932.0,4289.0,4597.0,4238.0,4670.0,5011.0,5024.0,5075.0,4751.0,4390.0,4395.0,3991.0,4267.0,3946.0,4603.0,4376.0,4806.0,4850.0,5261.0,4801.0,4350.0,4610.0,4268.0,4245.0,4059.0,4145.0,4727.0,4571.0,4763.0,4585.0,5084.0,4712.0,4320.0,4784.0,4558.0,4228.0,4234.0,4186.0,4238.0,4036.0,4603.0,4585.0,4699.0,4619.0,4462.0,4315.0,4320.0,4005.0,3808.0,3962.0,4319.0,4194.0,5392.0,5331.0,5218.0,4961.0,4692.0,4865.0,4543.0,4757.0,4258.0,3837.0,4686.0,4700.0,4844.0,5063.0,4714.0,4909.0,4335.0,4903.0,4822.0,4197.0,4098.0,4070.0,4515.0,4424.0,5010.0,4781.0,4743.0,4812.0,4604.0,4482.0,5055.0,4742.0,4821.0,4320.0,4818.0,4342.0,5054.0,5028.0,5089.0,4833.0,4593.0,4533.0
עבירות הנוגעות לנחלת המשפט,Offences against judicial authority,1684.0,1878.0,1897.0,863.0,1754.0,1707.0,1870.0,1893.0,1586.0,1617.0,1558.0,1449.0,1665.0,1370.0,1711.0,1641.0,1786.0,1669.0,1896.0,1692.0,1561.0,1691.0,1631.0,1523.0,1710.0,1515.0,1670.0,1732.0,1807.0,1623.0,1780.0,1704.0,1540.0,1701.0,1489.0,1472.0,1492.0,1431.0,1605.0,1451.0,1620.0,1574.0,1639.0,1605.0,1690.0,1539.0,1343.0,1355.0,1442.0,1411.0,1640.0,1500.0,1725.0,1631.0,1746.0,1675.0,1558.0,1726.0,1702.0,1631.0,1688.0,1501.0,1639.0,1559.0,1673.0,1593.0,1577.0,1674.0,1612.0,1587.0,1559.0,1394.0,1625.0,1550.0,1486.0,1478.0,1561.0,1527.0,1474.0,1552.0,1449.0,1515.0,1525.0,1421.0,1563.0,1487.0,1672.0,1419.0,1495.0,1607.0,1490.0,1600.0,1419.0,1398.0
משחקים אסורים והימורים,Forbidden games and gambling,43.0,44.0,87.0,49.0,39.0,37.0,38.0,40.0,32.0,39.0,33.0,30.0,49.0,47.0,46.0,17.0,46.0,52.0,59.0,64.0,34.0,49.0,63.0,27.0,82.0,57.0,39.0,26.0,22.0,27.0,30.0,35.0,30.0,28.0,38.0,27.0,48.0,37.0,66.0,18.0,33.0,25.0,31.0,30.0,32.0,31.0,42.0,52.0,46.0,46.0,29.0,15.0,24.0,33.0,11.0,36.0,19.0,29.0,47.0,28.0,37.0,84.0,68.0,34.0,25.0,24.0,33.0,20.0,5.0,20.0,21.0,11.0,24.0,34.0,26.0,16.0,20.0,40.0,18.0,25.0,11.0,8.0,25.0,22.0,22.0,14.0,23.0,10.0,16.0,18.0,20.0,23.0,15.0,6.0
"מטרד, רעש וחסימת דרך","Nuisance, noise and obstruction of public roads",107.0,114.0,153.0,145.0,189.0,139.0,150.0,136.0,120.0,124.0,121.0,123.0,128.0,122.0,146.0,152.0,138.0,117.0,145.0,135.0,105.0,171.0,127.0,138.0,121.0,105.0,107.0,139.0,127.0,113.0,103.0,89.0,90.0,100.0,123.0,127.0,85.0,95.0,144.0,123.0,118.0,135.0,155.0,130.0,135.0,111.0,107.0,112.0,131.0,124.0,106.0,115.0,153.0,185.0,144.0,168.0,117.0,158.0,184.0,178.0,175.0,169.0,191.0,177.0,384.0,201.0,142.0,149.0,134.0,155.0,156.0,165.0,151.0,155.0,152.0,218.0,167.0,117.0,95.0,112.0,131.0,166.0,151.0,138.0,168.0,137.0,282.0,221.0,156.0,148.0,237.0,151.0,174.0,405.0
עבירות הנוגעות לנישואין,Offences relating to marriage,40.0,33.0,83.0,93.0,66.0,63.0,60.0,70.0,41.0,56.0,52.0,30.0,49.0,165.0,65.0,45.0,101.0,34.0,74.0,71.0,71.0,73.0,39.0,32.0,77.0,58.0,69.0,52.0,42.0,36.0,54.0,41.0,42.0,35.0,31.0,29.0,74.0,55.0,43.0,52.0,58.0,47.0,53.0,52.0,65.0,45.0,41.0,28.0,31.0,41.0,34.0,51.0,30.0,46.0,42.0,45.0,46.0,34.0,39.0,37.0,34.0,47.0,41.0,38.0,32.0,36.0,49.0,36.0,31.0,39.0,50.0,19.0,26.0,51.0,66.0,46.0,40.0,28.0,34.0,26.0,25.0,36.0,26.0,42.0,56.0,57.0,47.0,32.0,42.0,41.0,35.0,28.0,49.0,22.0
תקיפת שוטר והכשלתו,Assault on or foiling of police officer,948.0,1001.0,976.0,938.0,1046.0,1023.0,1096.0,1088.0,828.0,990.0,883.0,782.0,1086.0,865.0,1012.0,971.0,1022.0,810.0,1321.0,1127.0,954.0,950.0,908.0,994.0,1052.0,1039.0,1095.0,1089.0,991.0,925.0,1012.0,1002.0,933.0,899.0,853.0,903.0,998.0,923.0,966.0,946.0,980.0,820.0,1034.0,966.0,943.0,856.0,887.0,765.0,916.0,959.0,937.0,928.0,1100.0,1007.0,935.0,995.0,899.0,1078.0,1016.0,1053.0,1173.0,1022.0,1057.0,987.0,1377.0,997.0,948.0,1020.0,793.0,986.0,903.0,836.0,967.0,834.0,870.0,930.0,1011.0,763.0,810.0,778.0,691.0,812.0,725.0,733.0,860.0,785.0,907.0,885.0,777.0,777.0,887.0,865.0,718.0,815.0
עבירות על חוק הכניסה לישראל,Violations of law of entry to Israel,920.0,1029.0,1193.0,817.0,985.0,1221.0,1471.0,1505.0,983.0,894.0,1159.0,962.0,1357.0,1179.0,1296.0,1028.0,1156.0,1301.0,1563.0,1551.0,1150.0,1067.0,1194.0,1233.0,1572.0,1418.0,1524.0,1176.0,1181.0,1193.0,1644.0,1504.0,1037.0,1083.0,1110.0,1031.0,1463.0,1239.0,1394.0,1182.0,1334.0,1088.0,1315.0,1355.0,1211.0,976.0,1038.0,1069.0,1155.0,1082.0,652.0,301.0,1353.0,1537.0,1367.0,2034.0,1198.0,1427.0,1709.0,1592.0,1872.0,1794.0,1754.0,1715.0,1116.0,1396.0,1618.0,1898.0,1212.0,1522.0,1422.0,1353.0,1334.0,1519.0,2044.0,1379.0,1332.0,974.0,926.0,1097.0,986.0,887.0,1011.0,863.0,1164.0,1085.0,1140.0,1012.0,1155.0,1069.0,1087.0,1205.0,1039.0,1729.0
הפצת מחלות מין ומחלות אחרות,Spread of sexually transmitted and other diseases,0.0,0.0,0.0,0.0,0.0,0.0,0.0,0.0,0.0,0.0,0.0,0.0,0.0,0.0,0.0,0.0,0.0,0.0,0.0,0.0,0.0,0.0,0.0,0.0,0.0,0.0,0.0,0.0,0.0,0.0,0.0,0.0,0.0,0.0,0.0,0.0,0.0,0.0,0.0,0.0,0.0,0.0,0.0,0.0,0.0,0.0,0.0,0.0,0.0,0.0,23.0,48.0,6.0,4.0,13.0,8.0,14.0,39.0,9.0,11.0,32.0,32.0,24.0,3.0,2.0,1.0,-1.0,8.0,28.0,24.0,13.0,10.0,46.0,24.0,11.0,1.0,1.0,0.0,0.0,0.0,-1.0,-1.0,-1.0,-1.0,0.0,0.0,0.0,0.0,0.0,0.0,0.0,0.0,0.0,0.0
עבירות אחרות,Other offences,2020.0,2104.0,2260.0,2563.0,2004.0,2334.0,2350.0,2445.0,2001.0,1885.0,1960.0,1795.0,2238.0,2051.0,2275.0,1951.0,2961.0,1536.0,3148.0,2334.0,2004.0,2278.0,2226.0,2106.0,2422.0,2342.0,2543.0,2408.0,2288.0,2154.0,2344.0,2267.0,1949.0,2202.0,2301.0,2263.0,2283.0,2257.0,2330.0,2185.0,2482.0,2387.0,2657.0,2325.0,2387.0,2117.0,2041.0,2183.0,2254.0,2377.0,2215.0,1880.0,2805.0,2762.0,2626.0,2507.0,2251.0,2491.0,2403.0,2513.0,2806.0,2590.0,2690.0,2690.0,3487.0,2535.0,2704.0,2637.0,2263.0,2518.0,2422.0,2187.0,2492.0,2427.0,2649.0,2598.0,2777.0,2527.0,2383.0,2529.0,2324.0,2298.0,2536.0,2388.0,2811.0,2756.0,2835.0,2512.0,2739.0,2880.0,2974.0,2678.0,2453.0,3470.0
כלפי חיי אדם,Against a person's life,227.0,237.0,213.0,148.0,183.0,168.0,180.0,148.0,130.0,157.0,159.0,121.0,174.0,-13.0,81.0,97.0,102.0,24.0,151.0,79.0,65.0,82.0,80.0,72.0,92.0,74.0,85.0,70.0,84.0,66.0,75.0,91.0,49.0,71.0,71.0,84.0,86.0,76.0,70.0,83.0,80.0,71.0,80.0,76.0,76.0,81.0,59.0,51.0,85.0,81.0,77.0,64.0,105.0,111.0,142.0,86.0,90.0,73.0,80.0,68.0,100.0,88.0,128.0,89.0,146.0,90.0,94.0,107.0,93.0,48.0,81.0,100.0,128.0,86.0,99.0,81.0,89.0,79.0,97.0,92.0,78.0,104.0,66.0,99.0,117.0,128.0,106.0,108.0,104.0,83.0,114.0,138.0,119.0,187.0
חבלה גופנית חמורה,Grievous bodily harm,380.0,440.0,443.0,523.0,540.0,597.0,583.0,635.0,481.0,547.0,402.0,379.0,456.0,350.0,474.0,433.0,443.0,355.0,670.0,552.0,528.0,477.0,444.0,394.0,429.0,423.0,452.0,491.0,534.0,468.0,559.0,479.0,473.0,503.0,535.0,446.0,443.0,432.0,490.0,531.0,621.0,584.0,637.0,573.0,558.0,534.0,550.0,468.0,489.0,506.0,567.0,528.0,646.0,619.0,645.0,715.0,610.0,588.0,481.0,532.0,563.0,449.0,576.0,577.0,929.0,560.0,566.0,566.0,582.0,559.0,494.0,419.0,521.0,540.0,521.0,606.0,606.0,620.0,600.0,581.0,586.0,566.0,581.0,529.0,592.0,528.0,583.0,628.0,607.0,571.0,622.0,629.0,518.0,601.0
תקיפה,Assault,3730.0,4195.0,4489.0,4380.0,4534.0,4872.0,4851.0,4912.0,4527.0,4200.0,4168.0,4027.0,4006.0,3778.0,4631.0,4176.0,4702.0,4580.0,5028.0,4451.0,4225.0,4427.0,4210.0,4052.0,4034.0,4017.0,4568.0,4483.0,4741.0,4630.0,4917.0,4388.0,4146.0,4646.0,4149.0,3961.0,3943.0,3795.0,4074.0,4092.0,4481.0,4500.0,4587.0,4335.0,4309.0,4227.0,4059.0,3825.0,3718.0,3909.0,4049.0,3606.0,4467.0,4519.0,4590.0,4523.0,4067.0,4167.0,4014.0,4169.0,3715.0,3399.0,4274.0,4293.0,4734.0,4730.0,4529.0,4445.0,3976.0,4615.0,4489.0,3951.0,3716.0,3884.0,4362.0,4221.0,4695.0,4516.0,4471.0,4298.0,4478.0,4232.0,4622.0,4153.0,4455.0,3873.0,4602.0,4188.0,4557.0,4585.0,4550.0,4285.0,4053.0,3784.0
רשלנות פלילית,Criminal negligence,224.0,282.0,351.0,245.0,247.0,311.0,293.0,294.0,262.0,252.0,263.0,229.0,234.0,220.0,312.0,283.0,278.0,323.0,275.0,311.0,263.0,241.0,234.0,253.0,259.0,326.0,336.0,303.0,320.0,253.0,290.0,277.0,236.0,289.0,308.0,275.0,332.0,344.0,327.0,264.0,312.0,283.0,370.0,288.0,286.0,257.0,261.0,255.0,249.0,331.0,321.0,269.0,365.0,332.0,372.0,318.0,295.0,327.0,309.0,348.0,370.0,373.0,343.0,369.0,400.0,318.0,393.0,308.0,271.0,290.0,292.0,291.0,299.0,304.0,368.0,325.0,333.0,304.0,321.0,339.0,294.0,307.0,313.0,296.0,350.0,316.0,424.0,342.0,383.0,347.0,402.0,350.0,318.0,297.0
"חטיפה, כפייה ומאסר שווא","Kidnapping, coercion and false imprisonment",65.0,46.0,55.0,50.0,48.0,68.0,72.0,49.0,49.0,53.0,38.0,40.0,54.0,34.0,48.0,42.0,57.0,32.0,75.0,65.0,41.0,58.0,40.0,35.0,56.0,38.0,65.0,54.0,50.0,49.0,54.0,51.0,57.0,53.0,46.0,61.0,49.0,47.0,59.0,40.0,54.0,62.0,61.0,59.0,49.0,48.0,28.0,43.0,53.0,57.0,61.0,45.0,54.0,66.0,62.0,58.0,58.0,49.0,73.0,49.0,59.0,43.0,60.0,42.0,71.0,52.0,53.0,52.0,48.0,48.0,49.0,30.0,47.0,61.0,67.0,71.0,51.0,36.0,52.0,50.0,56.0,59.0,48.0,63.0,47.0,57.0,60.0,52.0,51.0,44.0,48.0,63.0,43.0,52.0
הקמת מחסום(5),Erection of barrier(5),10.0,14.0,25.0,16.0,36.0,5.0,22.0,8.0,13.0,16.0,18.0,10.0,15.0,26.0,9.0,12.0,11.0,-5.0,29.0,14.0,11.0,8.0,16.0,14.0,15.0,9.0,11.0,10.0,8.0,10.0,10.0,9.0,11.0,12.0,11.0,7.0,12.0,12.0,10.0,7.0,4.0,7.0,16.0,12.0,6.0,12.0,9.0,0.0,14.0,8.0,12.0,17.0,10.0,13.0,5.0,9.0,9.0,9.0,12.0,13.0,23.0,6.0,12.0,15.0,52.0,6.0,8.0,14.0,2.0,4.0,9.0,8.0,33.0,8.0,17.0,6.0,13.0,4.0,2.0,15.0,3.0,10.0,9.0,13.0,9.0,4.0,15.0,13.0,5.0,1.0,12.0,9.0,5.0,12.0
עבירות אחרות,Other offences,9.0,4.0,3.0,7.0,7.0,8.0,3.0,8.0,9.0,4.0,9.0,9.0,13.0,11.0,7.0,11.0,12.0,-3.0,17.0,9.0,17.0,7.0,9.0,16.0,12.0,11.0,7.0,14.0,8.0,3.0,10.0,2.0,10.0,16.0,2.0,9.0,10.0,17.0,6.0,12.0,6.0,1.0,11.0,16.0,12.0,12.0,6.0,7.0,11.0,9.0,9.0,3.0,6.0,5.0,9.0,9.0,11.0,2.0,7.0,9.0,12.0,16.0,8.0,6.0,13.0,4.0,7.0,6.0,13.0,13.0,9.0,15.0,10.0,16.0,7.0,18.0,16.0,21.0,15.0,15.0,24.0,12.0,11.0,16.0,14.0,7.0,12.0,11.0,13.0,16.0,17.0,12.0,5.0,13.0
מעשי אונס,Rape,123.0,137.0,140.0,119.0,110.0,148.0,138.0,146.0,112.0,101.0,136.0,101.0,121.0,109.0,120.0,137.0,134.0,118.0,181.0,116.0,142.0,140.0,117.0,101.0,139.0,124.0,130.0,117.0,139.0,120.0,145.0,126.0,141.0,149.0,132.0,120.0,110.0,124.0,122.0,108.0,147.0,147.0,154.0,134.0,79.0,117.0,112.0,89.0,98.0,114.0,89.0,72.0,124.0,109.0,141.0,138.0,130.0,134.0,121.0,138.0,114.0,105.0,123.0,148.0,121.0,141.0,152.0,142.0,90.0,129.0,140.0,137.0,124.0,130.0,132.0,153.0,141.0,161.0,117.0,169.0,110.0,139.0,148.0,133.0,132.0,122.0,117.0,122.0,148.0,112.0,115.0,140.0,121.0,69.0
מעשים מגונים,Indecent assault,318.0,343.0,399.0,279.0,407.0,411.0,379.0,345.0,338.0,308.0,379.0,304.0,310.0,356.0,355.0,323.0,380.0,440.0,462.0,410.0,363.0,347.0,433.0,263.0,390.0,371.0,374.0,382.0,414.0,379.0,419.0,387.0,330.0,369.0,450.0,297.0,350.0,346.0,339.0,320.0,402.0,443.0,422.0,377.0,359.0,318.0,346.0,315.0,291.0,322.0,323.0,188.0,336.0,373.0,387.0,402.0,367.0,366.0,381.0,302.0,294.0,276.0,347.0,401.0,391.0,496.0,438.0,413.0,295.0,430.0,368.0,346.0,337.0,395.0,400.0,353.0,423.0,417.0,378.0,411.0,365.0,349.0,400.0,360.0,389.0,323.0,352.0,304.0,391.0,479.0,365.0,390.0,285.0,217.0
הטרדה מינית,Sexual harassment,120.0,115.0,164.0,94.0,118.0,91.0,106.0,109.0,87.0,72.0,108.0,81.0,101.0,150.0,127.0,122.0,112.0,130.0,171.0,122.0,57.0,86.0,138.0,76.0,87.0,96.0,93.0,84.0,93.0,112.0,126.0,143.0,96.0,117.0,135.0,130.0,103.0,92.0,101.0,133.0,173.0,155.0,121.0,143.0,118.0,85.0,109.0,98.0,87.0,105.0,88.0,79.0,287.0,124.0,165.0,131.0,154.0,178.0,177.0,148.0,139.0,96.0,130.0,252.0,45.0,181.0,381.0,219.0,115.0,240.0,226.0,130.0,152.0,152.0,136.0,122.0,150.0,144.0,166.0,164.0,130.0,157.0,154.0,186.0,152.0,121.0,158.0,127.0,186.0,224.0,176.0,238.0,145.0,87.0
עבירות אחרות,Other offences,2.0,3.0,6.0,4.0,2.0,5.0,4.0,1.0,0.0,2.0,3.0,1.0,2.0,4.0,2.0,5.0,3.0,0.0,2.0,1.0,1.0,4.0,3.0,3.0,3.0,3.0,1.0,0.0,0.0,0.0,3.0,1.0,1.0,1.0,-13.0,0.0,0.0,0.0,0.0,0.0,0.0,0.0,0.0,0.0,0.0,0.0,24.0,4.0,5.0,3.0,4.0,4.0,3.0,5.0,3.0,4.0,6.0,6.0,5.0,1.0,4.0,4.0,5.0,9.0,4.0,8.0,5.0,4.0,3.0,6.0,6.0,6.0,4.0,2.0,5.0,1.0,5.0,8.0,5.0,4.0,8.0,13.0,8.0,8.0,4.0,11.0,4.0,1.0,6.0,4.0,6.0,6.0,3.0,4.0
עבירות הקשורות לזנות,Offences relating to prostitution,13.0,25.0,20.0,26.0,26.0,22.0,13.0,19.0,25.0,29.0,26.0,23.0,35.0,23.0,28.0,23.0,9.0,5.0,29.0,16.0,21.0,14.0,17.0,17.0,25.0,27.0,15.0,20.0,15.0,11.0,7.0,22.0,10.0,12.0,10.0,19.0,17.0,11.0,13.0,8.0,24.0,17.0,19.0,7.0,13.0,8.0,9.0,12.0,13.0,16.0,7.0,1.0,4.0,7.0,12.0,19.0,13.0,14.0,15.0,6.0,11.0,22.0,7.0,8.0,13.0,13.0,14.0,14.0,5.0,12.0,19.0,14.0,10.0,15.0,4.0,9.0,7.0,5.0,14.0,14.0,6.0,7.0,16.0,12.0,12.0,8.0,9.0,8.0,3.0,6.0,17.0,8.0,10.0,3.0
שימוש בסמים מסוכנים (6),Use of illicit drugs(6),2189.0,2165.0,2230.0,1993.0,1965.0,1930.0,2074.0,1975.0,1554.0,1790.0,1938.0,1722.0,2732.0,2023.0,2344.0,1894.0,1865.0,2149.0,2169.0,2434.0,2042.0,2233.0,2363.0,2235.0,3402.0,2682.0,2685.0,2359.0,2141.0,1923.0,2331.0,2230.0,1749.0,1921.0,1799.0,1859.0,2734.0,2210.0,2274.0,1293.0,1277.0,1283.0,1411.0,1399.0,1124.0,1291.0,1298.0,1146.0,1623.0,1516.0,1184.0,847.0,1443.0,1459.0,1223.0,1268.0,1319.0,1390.0,1534.0,1297.0,1828.0,1465.0,1523.0,1238.0,1130.0,1220.0,1268.0,1261.0,1135.0,1218.0,1188.0,1204.0,1577.0,1465.0,1628.0,736.0,687.0,659.0,639.0,686.0,487.0,550.0,680.0,599.0,872.0,586.0,390.0,275.0,381.0,382.0,303.0,282.0,332.0,282.0
"סחר, יבוא ויצוא סמים","Drug trafficking, imports and exports",620.0,695.0,516.0,553.0,614.0,617.0,494.0,529.0,361.0,347.0,1298.0,340.0,878.0,655.0,931.0,533.0,699.0,441.0,906.0,629.0,459.0,592.0,508.0,457.0,1119.0,1135.0,703.0,722.0,964.0,591.0,660.0,747.0,389.0,508.0,590.0,468.0,949.0,1367.0,1025.0,548.0,616.0,653.0,589.0,679.0,578.0,530.0,482.0,419.0,738.0,625.0,549.0,360.0,913.0,802.0,613.0,559.0,466.0,627.0,647.0,504.0,942.0,677.0,669.0,571.0,501.0,589.0,558.0,657.0,361.0,488.0,344.0,404.0,589.0,605.0,635.0,474.0,417.0,451.0,448.0,396.0,274.0,258.0,343.0,362.0,649.0,436.0,433.0,319.0,302.0,427.0,438.0,505.0,357.0,197.0
"גידול, ייצור והפקת סמים","Growth, manufacture and production of illicit drugs",86.0,95.0,89.0,71.0,89.0,132.0,118.0,125.0,80.0,68.0,79.0,44.0,110.0,72.0,107.0,113.0,147.0,101.0,272.0,184.0,125.0,116.0,113.0,51.0,150.0,117.0,124.0,140.0,165.0,152.0,184.0,168.0,79.0,84.0,74.0,61.0,103.0,93.0,110.0,120.0,130.0,146.0,135.0,133.0,112.0,76.0,84.0,56.0,88.0,82.0,75.0,88.0,184.0,158.0,150.0,140.0,116.0,142.0,93.0,66.0,102.0,86.0,114.0,99.0,91.0,119.0,98.0,122.0,64.0,68.0,56.0,48.0,44.0,43.0,49.0,54.0,57.0,54.0,41.0,60.0,43.0,28.0,29.0,32.0,48.0,33.0,28.0,43.0,47.0,39.0,38.0,27.0,32.0,10.0
החזקת סמים שלא לצריכה עצמית,Possession of illicit drugs not for personal use,443.0,521.0,469.0,384.0,365.0,499.0,388.0,466.0,319.0,352.0,444.0,360.0,577.0,338.0,499.0,470.0,504.0,225.0,782.0,547.0,480.0,557.0,541.0,449.0,798.0,654.0,674.0,577.0,588.0,531.0,642.0,688.0,478.0,553.0,565.0,464.0,692.0,673.0,680.0,592.0,558.0,543.0,574.0,595.0,605.0,613.0,625.0,551.0,724.0,697.0,499.0,443.0,799.0,715.0,628.0,710.0,545.0,814.0,675.0,659.0,844.0,667.0,671.0,561.0,562.0,631.0,581.0,699.0,463.0,557.0,559.0,420.0,645.0,605.0,628.0,488.0,535.0,458.0,494.0,506.0,417.0,369.0,425.0,420.0,778.0,599.0,551.0,375.0,553.0,519.0,434.0,484.0,294.0,289.0
עבירות אחרות,Other offences,34.0,85.0,14.0,26.0,33.0,15.0,11.0,23.0,26.0,15.0,25.0,25.0,29.0,40.0,36.0,28.0,26.0,34.0,49.0,23.0,40.0,41.0,98.0,20.0,24.0,32.0,17.0,19.0,22.0,25.0,25.0,23.0,30.0,33.0,45.0,29.0,25.0,32.0,34.0,22.0,43.0,39.0,25.0,26.0,33.0,26.0,42.0,25.0,35.0,36.0,35.0,37.0,27.0,38.0,29.0,37.0,34.0,29.0,35.0,31.0,28.0,32.0,35.0,20.0,24.0,28.0,39.0,20.0,15.0,73.0,29.0,30.0,25.0,31.0,31.0,22.0,28.0,42.0,47.0,34.0,20.0,21.0,30.0,46.0,37.0,19.0,34.0,20.0,34.0,56.0,33.0,35.0,36.0,28.0
שוד,Robbery,133.0,83.0,105.0,60.0,98.0,103.0,110.0,87.0,103.0,96.0,119.0,171.0,126.0,129.0,109.0,88.0,97.0,67.0,168.0,88.0,88.0,73.0,104.0,134.0,119.0,103.0,117.0,87.0,68.0,92.0,103.0,89.0,100.0,80.0,99.0,110.0,124.0,81.0,110.0,94.0,76.0,68.0,102.0,94.0,75.0,83.0,90.0,98.0,101.0,90.0,82.0,65.0,72.0,88.0,74.0,68.0,77.0,70.0,47.0,96.0,76.0,68.0,82.0,85.0,75.0,74.0,79.0,71.0,81.0,83.0,99.0,79.0,88.0,71.0,109.0,99.0,108.0,81.0,72.0,104.0,91.0,108.0,85.0,89.0,121.0,94.0,94.0,96.0,76.0,115.0,106.0,81.0,78.0,89.0
תקיפה לשם גנבה,Assault for theft,31.0,27.0,39.0,24.0,35.0,32.0,43.0,30.0,19.0,22.0,34.0,25.0,27.0,18.0,23.0,30.0,25.0,37.0,20.0,40.0,25.0,36.0,39.0,26.0,25.0,19.0,19.0,29.0,27.0,25.0,38.0,34.0,18.0,22.0,25.0,26.0,21.0,38.0,16.0,16.0,14.0,28.0,24.0,20.0,21.0,22.0,22.0,22.0,12.0,20.0,13.0,13.0,25.0,13.0,19.0,23.0,18.0,24.0,17.0,23.0,20.0,24.0,19.0,27.0,20.0,29.0,11.0,25.0,14.0,24.0,26.0,22.0,10.0,19.0,25.0,20.0,18.0,23.0,26.0,21.0,26.0,15.0,23.0,20.0,13.0,17.0,17.0,22.0,29.0,38.0,20.0,24.0,28.0,9.0
סחיטה,Extortion,98.0,147.0,151.0,96.0,115.0,104.0,151.0,136.0,119.0,121.0,146.0,114.0,108.0,137.0,134.0,117.0,109.0,76.0,169.0,115.0,74.0,122.0,118.0,114.0,134.0,107.0,88.0,116.0,131.0,123.0,153.0,162.0,154.0,180.0,159.0,176.0,119.0,206.0,139.0,104.0,148.0,123.0,119.0,105.0,115.0,103.0,105.0,105.0,119.0,136.0,149.0,171.0,132.0,150.0,138.0,148.0,131.0,163.0,128.0,136.0,168.0,130.0,152.0,104.0,108.0,170.0,185.0,147.0,109.0,151.0,131.0,127.0,155.0,136.0,166.0,100.0,124.0,118.0,123.0,155.0,114.0,160.0,122.0,137.0,159.0,141.0,127.0,129.0,153.0,166.0,158.0,180.0,168.0,85.0
"התפרצות (לבית, לבית עסק או למוסד)","Breaking and entering (a home, business or institution)",2166.0,1993.0,2136.0,2054.0,2147.0,2025.0,2091.0,2302.0,1978.0,1886.0,2247.0,2468.0,2562.0,2130.0,2156.0,1932.0,1835.0,1542.0,1956.0,1934.0,1613.0,1938.0,2091.0,1997.0,2104.0,1612.0,1636.0,1576.0,1587.0,1570.0,1660.0,1557.0,1501.0,1755.0,1714.0,1802.0,1659.0,1498.0,1619.0,1478.0,1333.0,1297.0,1554.0,1465.0,1462.0,1436.0,1429.0,1599.0,1700.0,1364.0,1101.0,829.0,1056.0,1222.0,1170.0,1053.0,1003.0,973.0,1117.0,1189.0,928.0,956.0,1164.0,1133.0,1028.0,1129.0,1125.0,1092.0,1013.0,1315.0,1278.0,1276.0,1272.0,1196.0,1440.0,1112.0,1044.0,1040.0,1038.0,1172.0,1132.0,1080.0,1231.0,1282.0,1338.0,1071.0,1106.0,1190.0,1157.0,1198.0,1167.0,1230.0,1206.0,862.0
שימוש ברכב ללא רשות,Unlawful use of a vehicle,1437.0,1479.0,1375.0,1213.0,1500.0,1391.0,1420.0,1664.0,1278.0,1232.0,1513.0,1367.0,1358.0,1068.0,1065.0,909.0,1155.0,1089.0,1151.0,1207.0,963.0,1155.0,1191.0,1033.0,1114.0,947.0,976.0,860.0,958.0,886.0,912.0,878.0,846.0,1011.0,1056.0,1072.0,1003.0,821.0,935.0,799.0,936.0,917.0,1022.0,832.0,1005.0,905.0,948.0,983.0,920.0,812.0,720.0,385.0,693.0,802.0,961.0,951.0,781.0,869.0,975.0,881.0,738.0,869.0,1084.0,1033.0,912.0,1153.0,1201.0,1306.0,1021.0,1339.0,1460.0,1620.0,1563.0,1481.0,1652.0,1067.0,1199.0,1599.0,1422.0,1624.0,1559.0,1526.0,1796.0,1849.0,1965.0,1589.0,1999.0,2043.0,2341.0,2060.0,2261.0,2494.0,2027.0,989.0
גנבה מתוך רכב,Theft from a vehicle,1220.0,1139.0,1020.0,903.0,1024.0,1023.0,1032.0,1124.0,1013.0,1063.0,1150.0,1190.0,1182.0,983.0,999.0,960.0,1068.0,1155.0,1260.0,1156.0,945.0,1056.0,1157.0,1077.0,1210.0,1028.0,874.0,852.0,986.0,901.0,744.0,769.0,768.0,915.0,901.0,931.0,1106.0,944.0,935.0,907.0,867.0,850.0,952.0,729.0,734.0,762.0,787.0,872.0,908.0,796.0,879.0,557.0,646.0,740.0,806.0,779.0,615.0,552.0,679.0,739.0,619.0,596.0,723.0,709.0,597.0,679.0,790.0,747.0,717.0,722.0,764.0,797.0,951.0,826.0,962.0,777.0,865.0,803.0,771.0,766.0,731.0,763.0,824.0,837.0,988.0,879.0,804.0,810.0,863.0,907.0,894.0,1021.0,943.0,708.0
גנבת אופניים,Bicycle theft,208.0,264.0,306.0,219.0,377.0,362.0,305.0,385.0,365.0,377.0,336.0,287.0,304.0,240.0,304.0,290.0,311.0,339.0,431.0,384.0,329.0,404.0,345.0,332.0,342.0,302.0,324.0,361.0,400.0,369.0,445.0,373.0,317.0,471.0,363.0,308.0,290.0,277.0,217.0,242.0,276.0,246.0,306.0,310.0,336.0,337.0,344.0,331.0,234.0,275.0,210.0,174.0,309.0,353.0,398.0,356.0,285.0,378.0,373.0,367.0,280.0,332.0,345.0,389.0,362.0,429.0,358.0,380.0,326.0,469.0,370.0,354.0,366.0,316.0,333.0,278.0,322.0,369.0,377.0,421.0,355.0,400.0,444.0,378.0,319.0,261.0,311.0,263.0,387.0,387.0,452.0,371.0,404.0,239.0
כייסות,Pickpocketing,59.0,86.0,63.0,77.0,65.0,72.0,63.0,92.0,73.0,62.0,48.0,55.0,75.0,55.0,66.0,53.0,58.0,78.0,52.0,57.0,50.0,57.0,55.0,71.0,60.0,70.0,74.0,62.0,63.0,58.0,69.0,52.0,47.0,59.0,80.0,55.0,35.0,45.0,57.0,47.0,47.0,30.0,31.0,43.0,48.0,50.0,30.0,29.0,30.0,53.0,44.0,9.0,27.0,34.0,32.0,22.0,22.0,18.0,22.0,25.0,18.0,19.0,18.0,31.0,13.0,37.0,30.0,27.0,19.0,27.0,18.0,19.0,26.0,31.0,32.0,33.0,40.0,45.0,26.0,23.0,22.0,33.0,32.0,33.0,27.0,34.0,43.0,40.0,37.0,50.0,25.0,36.0,33.0,19.0
חטיפת ארנקים,Purse-snatching,14.0,7.0,6.0,6.0,8.0,15.0,6.0,14.0,12.0,16.0,8.0,11.0,23.0,13.0,16.0,6.0,11.0,7.0,15.0,10.0,20.0,15.0,12.0,18.0,13.0,15.0,11.0,11.0,8.0,6.0,12.0,10.0,8.0,7.0,6.0,10.0,14.0,3.0,4.0,8.0,9.0,12.0,8.0,4.0,4.0,4.0,1.0,6.0,9.0,10.0,2.0,5.0,10.0,17.0,1.0,5.0,6.0,3.0,4.0,2.0,3.0,4.0,3.0,8.0,3.0,6.0,2.0,6.0,3.0,4.0,7.0,3.0,10.0,10.0,3.0,5.0,5.0,5.0,7.0,12.0,4.0,4.0,5.0,7.0,4.0,10.0,2.0,2.0,5.0,5.0,4.0,7.0,7.0,10.0
גנבת חלקי רכב,Theft of car parts,329.0,385.0,362.0,272.0,291.0,354.0,392.0,453.0,313.0,279.0,340.0,338.0,338.0,341.0,342.0,323.0,345.0,380.0,406.0,351.0,336.0,317.0,329.0,337.0,365.0,312.0,333.0,353.0,385.0,343.0,299.0,322.0,245.0,310.0,280.0,339.0,312.0,290.0,307.0,308.0,370.0,368.0,376.0,369.0,339.0,298.0,297.0,299.0,313.0,305.0,314.0,232.0,284.0,333.0,394.0,425.0,293.0,372.0,521.0,566.0,407.0,376.0,504.0,560.0,603.0,707.0,736.0,645.0,501.0,522.0,560.0,555.0,466.0,485.0,505.0,376.0,451.0,482.0,490.0,601.0,546.0,572.0,653.0,692.0,806.0,628.0,674.0,535.0,608.0,700.0,534.0,529.0,451.0,263.0
גנבות חקלאיות,Agricultural theft,52.0,48.0,53.0,29.0,53.0,74.0,63.0,60.0,45.0,66.0,41.0,28.0,42.0,45.0,36.0,42.0,62.0,31.0,46.0,28.0,36.0,49.0,30.0,43.0,35.0,20.0,25.0,42.0,52.0,35.0,36.0,34.0,42.0,44.0,39.0,34.0,48.0,31.0,18.0,41.0,48.0,39.0,34.0,37.0,30.0,51.0,43.0,32.0,30.0,37.0,31.0,66.0,72.0,41.0,39.0,33.0,23.0,51.0,41.0,36.0,29.0,25.0,35.0,19.0,16.0,11.0,16.0,32.0,18.0,30.0,19.0,18.0,21.0,10.0,11.0,22.0,21.0,13.0,16.0,30.0,12.0,26.0,12.0,16.0,15.0,23.0,25.0,21.0,29.0,17.0,20.0,19.0,7.0,15.0
גנבות אחרות,Other thefts,4236.0,4329.0,4616.0,4047.0,4862.0,4987.0,5069.0,5684.0,4808.0,4167.0,4877.0,4669.0,4841.0,4032.0,4494.0,4147.0,4470.0,4824.0,4559.0,4526.0,3944.0,4270.0,4432.0,4143.0,4323.0,3777.0,4048.0,3939.0,4427.0,4372.0,4646.0,4573.0,3693.0,4549.0,3983.0,4033.0,4058.0,3556.0,3786.0,3788.0,4000.0,4178.0,4369.0,4212.0,3847.0,3718.0,3609.0,3646.0,3493.0,3359.0,2710.0,1784.0,3058.0,3623.0,3632.0,3568.0,2941.0,2896.0,2897.0,3095.0,2401.0,2575.0,3033.0,3242.0,3004.0,3549.0,3538.0,3935.0,2959.0,3761.0,3573.0,3417.0,3063.0,3030.0,3458.0,3239.0,3876.0,3845.0,4120.0,4213.0,3528.0,3277.0,3808.0,3798.0,3893.0,3194.0,3443.0,3398.0,4077.0,4215.0,4109.0,4362.0,3621.0,2734.0
קבלה או החזקה של רכוש גנוב,Receiving or posssessing stolen property,400.0,405.0,383.0,294.0,345.0,344.0,500.0,447.0,327.0,329.0,396.0,372.0,422.0,354.0,402.0,344.0,329.0,368.0,388.0,368.0,305.0,334.0,325.0,317.0,379.0,326.0,292.0,300.0,294.0,274.0,293.0,341.0,249.0,272.0,266.0,280.0,292.0,273.0,252.0,234.0,194.0,216.0,225.0,227.0,234.0,233.0,211.0,255.0,245.0,209.0,149.0,133.0,227.0,215.0,189.0,163.0,142.0,164.0,187.0,199.0,175.0,176.0,193.0,183.0,129.0,161.0,202.0,196.0,147.0,188.0,175.0,156.0,181.0,207.0,204.0,134.0,157.0,152.0,169.0,171.0,125.0,145.0,154.0,191.0,151.0,131.0,132.0,140.0,136.0,148.0,139.0,155.0,127.0,160.0
הצתה,Arson,184.0,185.0,186.0,205.0,277.0,226.0,235.0,249.0,198.0,233.0,293.0,229.0,237.0,207.0,222.0,214.0,257.0,184.0,227.0,209.0,217.0,250.0,227.0,261.0,199.0,212.0,261.0,224.0,276.0,212.0,254.0,231.0,204.0,213.0,290.0,222.0,216.0,233.0,254.0,262.0,300.0,266.0,324.0,232.0,262.0,244.0,233.0,257.0,248.0,241.0,259.0,242.0,279.0,269.0,253.0,199.0,194.0,260.0,242.0,284.0,327.0,200.0,252.0,218.0,607.0,272.0,246.0,257.0,251.0,249.0,243.0,241.0,244.0,212.0,265.0,218.0,258.0,246.0,225.0,247.0,240.0,248.0,230.0,239.0,272.0,290.0,258.0,248.0,265.0,276.0,283.0,236.0,286.0,268.0
גרימת נזק לרכוש בזדון,Willful damage to property,2434.0,2524.0,2701.0,2577.0,2857.0,2815.0,2891.0,2939.0,2528.0,2630.0,2514.0,2365.0,2600.0,2266.0,2618.0,2502.0,2713.0,2635.0,2974.0,2851.0,2515.0,2649.0,2460.0,2516.0,2479.0,2259.0,2634.0,2558.0,2779.0,2529.0,2768.0,2626.0,2330.0,2555.0,2482.0,2496.0,2472.0,2135.0,2408.0,2474.0,2491.0,2573.0,2961.0,2519.0,2365.0,2378.0,2338.0,2358.0,2352.0,2276.0,2390.0,2291.0,2814.0,2747.0,2789.0,2695.0,2385.0,2523.0,2532.0,2529.0,2496.0,2275.0,2606.0,2612.0,4431.0,2708.0,2598.0,2534.0,2333.0,2471.0,2407.0,2301.0,2482.0,2276.0,2640.0,2555.0,2899.0,2744.0,2730.0,2723.0,2544.0,2580.0,2666.0,2502.0,2651.0,2469.0,2782.0,2532.0,2755.0,2869.0,2831.0,2584.0,2374.0,2463.0
עבירות אחרות,Other offences,143.0,125.0,149.0,392.0,213.0,209.0,225.0,206.0,199.0,199.0,234.0,253.0,265.0,212.0,233.0,213.0,215.0,196.0,202.0,212.0,164.0,225.0,170.0,228.0,201.0,194.0,186.0,215.0,179.0,193.0,217.0,189.0,169.0,261.0,236.0,194.0,204.0,229.0,199.0,195.0,191.0,224.0,197.0,154.0,160.0,165.0,169.0,192.0,178.0,185.0,197.0,230.0,266.0,220.0,194.0,176.0,190.0,256.0,274.0,295.0,277.0,204.0,208.0,225.0,186.0,202.0,167.0,213.0,172.0,177.0,187.0,198.0,190.0,229.0,190.0,211.0,210.0,196.0,193.0,247.0,211.0,282.0,234.0,224.0,218.0,363.0,287.0,230.0,234.0,223.0,229.0,222.0,215.0,183.0
"זיוף (כסף, בולים, מסמכים)","Forgery (currency, stamps, documents)",613.0,626.0,722.0,400.0,615.0,661.0,626.0,744.0,563.0,601.0,690.0,695.0,669.0,715.0,600.0,468.0,565.0,542.0,555.0,470.0,402.0,420.0,406.0,619.0,480.0,480.0,452.0,485.0,508.0,380.0,486.0,466.0,304.0,429.0,563.0,337.0,413.0,455.0,396.0,406.0,457.0,449.0,473.0,374.0,405.0,300.0,387.0,334.0,339.0,386.0,333.0,154.0,293.0,372.0,467.0,329.0,257.0,290.0,354.0,428.0,299.0,337.0,383.0,308.0,247.0,324.0,326.0,361.0,279.0,345.0,327.0,344.0,357.0,329.0,368.0,262.0,360.0,336.0,452.0,341.0,292.0,293.0,419.0,416.0,437.0,351.0,389.0,334.0,388.0,388.0,432.0,373.0,367.0,225.0
מרמה ועושק,"Fraud, extortion",647.0,610.0,656.0,501.0,664.0,791.0,673.0,665.0,639.0,566.0,781.0,622.0,626.0,650.0,572.0,379.0,1946.0,-1013.0,460.0,527.0,392.0,465.0,470.0,568.0,444.0,478.0,428.0,392.0,723.0,449.0,511.0,612.0,396.0,616.0,683.0,497.0,535.0,634.0,481.0,451.0,482.0,527.0,563.0,588.0,434.0,346.0,389.0,435.0,404.0,657.0,594.0,506.0,565.0,679.0,637.0,544.0,404.0,462.0,559.0,811.0,542.0,577.0,520.0,592.0,480.0,531.0,555.0,658.0,454.0,504.0,616.0,702.0,658.0,716.0,651.0,576.0,903.0,1101.0,1276.0,1058.0,883.0,767.0,958.0,976.0,1155.0,952.0,909.0,708.0,1037.0,1016.0,1015.0,1104.0,958.0,722.0
עבירות אחרות,Other offences,228.0,228.0,222.0,176.0,199.0,292.0,211.0,268.0,238.0,132.0,239.0,215.0,225.0,248.0,226.0,170.0,201.0,2116.0,516.0,595.0,534.0,440.0,482.0,540.0,515.0,463.0,439.0,626.0,507.0,577.0,796.0,791.0,592.0,690.0,779.0,771.0,692.0,806.0,724.0,753.0,821.0,665.0,696.0,604.0,583.0,531.0,682.0,703.0,514.0,638.0,540.0,409.0,659.0,696.0,704.0,700.0,554.0,608.0,622.0,728.0,578.0,557.0,753.0,639.0,517.0,633.0,606.0,665.0,471.0,607.0,653.0,616.0,617.0,597.0,407.0,228.0,297.0,297.0,400.0,318.0,227.0,190.0,383.0,237.0,309.0,302.0,296.0,200.0,299.0,341.0,234.0,327.0,265.0,214.0
סך הכל עבירות כלכליות,Total economic offences,50.0,57.0,45.0,46.0,51.0,61.0,56.0,88.0,60.0,53.0,50.0,58.0,66.0,196.0,70.0,31.0,59.0,75.0,35.0,56.0,54.0,77.0,60.0,246.0,67.0,74.0,59.0,80.0,109.0,72.0,70.0,97.0,54.0,75.0,85.0,52.0,64.0,63.0,97.0,86.0,64.0,78.0,135.0,84.0,81.0,67.0,103.0,93.0,98.0,130.0,90.0,86.0,142.0,101.0,95.0,114.0,43.0,55.0,79.0,177.0,150.0,143.0,138.0,91.0,140.0,154.0,230.0,172.0,126.0,189.0,210.0,151.0,149.0,180.0,347.0,382.0,542.0,466.0,639.0,414.0,413.0,356.0,462.0,550.0,611.0,483.0,482.0,457.0,507.0,549.0,479.0,570.0,497.0,354.0
סך הכל עבירות רישוי,Total licensing offences,138.0,126.0,166.0,102.0,108.0,126.0,182.0,156.0,118.0,91.0,104.0,110.0,153.0,133.0,153.0,111.0,187.0,203.0,168.0,121.0,106.0,81.0,146.0,141.0,163.0,150.0,163.0,109.0,100.0,112.0,119.0,121.0,116.0,137.0,127.0,144.0,153.0,119.0,164.0,120.0,139.0,131.0,160.0,125.0,130.0,157.0,135.0,123.0,158.0,182.0,112.0,62.0,133.0,161.0,122.0,160.0,121.0,146.0,142.0,193.0,168.0,185.0,148.0,199.0,113.0,123.0,184.0,142.0,106.0,162.0,132.0,130.0,158.0,131.0,128.0,118.0,141.0,151.0,125.0,129.0,110.0,95.0,121.0,111.0,211.0,241.0,141.0,103.0,77.0,158.0,141.0,120.0,121.0,113.0
סך הכל עבירות אחרות,Total other offences,563.0,692.0,778.0,601.0,680.0,789.0,682.0,825.0,740.0,698.0,701.0,926.0,600.0,570.0,679.0,550.0,-1752.0,545.0,-153.0,217.0,218.0,173.0,167.0,187.0,193.0,157.0,183.0,192.0,192.0,163.0,211.0,184.0,147.0,219.0,181.0,192.0,209.0,196.0,184.0,218.0,179.0,225.0,174.0,204.0,209.0,192.0,208.0,176.0,188.0,198.0,202.0,138.0,215.0,220.0,255.0,208.0,244.0,228.0,313.0,255.0,297.0,234.0,297.0,279.0,218.0,241.0,292.0,300.0,265.0,299.0,279.0,324.0,328.0,334.0,356.0,234.0,264.0,326.0,378.0,304.0,257.0,309.0,336.0,433.0,391.0,310.0,346.0,302.0,369.0,447.0,439.0,375.0,314.0,259.0
